R1,R2,R3,R4,R5,Fault_DRM
0.188976378,2.53125,3.375,0.000123457,3200,ARCING
0.174796748,2.523809524,1.23255814,0.000188679,2100,ARCING
0.166684027,1.428540819,2.499812523,0.204989751,3.414878049,ARCING
0.135712347,2.4995001,1.315789474,0.288,1.389166667,ARCING
0.19047619,2.5003125,3.33375,0.000124984,3200,ARCING
0.174089069,2.619047619,1.279069767,0.018181818,21,ARCING
0.429129288,1.983821734,3.196753566,0.027158024,18.56090652,ARCING
0.470443854,1.160758929,1.256086957,0.169224261,5.090909091,ARCING
0.914893617,1.0668,1.860697674,0.049993751,18.75,ARCING
0.196850394,2.640594059,3.2004,0.000124984,3030,ARCING
0.178861789,2.5,1.25,0.000181818,2200,ARCING
0.429069031,1.983308413,3.197785978,0.027155935,18.56713881,ARCING
0.471655329,1.156113828,1.250048077,0.165378255,5.230232558,ARCING
0.916666667,1.035058215,1.818409091,0.037495313,25.76666667,ARCING
0.188976378,2.547169811,3.375,0.000123457,3180,ARCING
0.174796748,2.572815534,1.23255814,0.000188679,2060,ARCING
0.429174583,1.983971913,3.196507624,0.027160114,18.55807365,ARCING
0.469387755,1.154867257,1.260869565,0.164750958,5.255813953,ARCING
0.895833333,1.08,1.88372093,0.037037037,25,ARCING
0.473922902,1.164962205,1.253588517,0.164122137,5.230232558,ARCING
0.916666667,1.025769231,1.818409091,0.037495313,26,ARCING
0.204724409,2.454545455,3.115384615,0.000123457,3300,ARCING
0.182926829,2.572815534,1.177777778,0.000188679,2060,ARCING
0.429069031,1.983971913,3.197293973,0.027160114,18.55807365,ARCING
0.469387755,1.154867257,1.260869565,0.164750958,5.255813953,ARCING
0.895833333,1.0668,1.860697674,0.037495313,25,ARCING
0.348953488,0.828571429,0.966344552,0.345172414,3.496503497,ARCING
0.353058824,0.857428571,1,0.366544485,3.181818182,ARCING
0.337209302,0.833611111,1.034827586,0.333555482,3.596403596,ARCING
0.348953488,0.807799443,0.966344552,0.345172414,3.586413586,ARCING
0.348953488,0.828571429,0.966344552,0.345172414,3.496503497,ARCING
0.256538462,2.384615385,1.549225387,0.35483871,1.181818182,ARCING
0.327901639,3.319018405,5.409459054,0.060998152,4.939393939,ARCING
0.132090762,2.969957082,4.245398773,0.039017341,8.62962963,ARCING
0.133333333,2.881556222,3.686046512,0.041009464,8.462307692,ARCING
0.105368421,3.545454545,3.896103896,0.00025641,1100,ARCING
0.238550459,1.562091503,1.838320129,0.066945607,9.5625,ARCING
0.707008236,1.02808973,1.648642805,0.095627893,10.17148571,ARCING
0.22252625,1.736986301,1.565432099,0.055205047,10.42857143,ARCING
0.201399718,1.454541698,1.222220679,0.055113323,12.4743299,ARCING
0.303311258,1.138638614,2.008777293,0.069563705,12.625,ARCING
0.20226813,2.490131579,8.505617978,0.025099075,16,ARCING
0.348953488,0.807799443,0.966344552,0.345172414,3.586413586,ARCING
0.348953488,0.828571429,0.966344552,0.345172414,3.496503497,ARCING
0.256538462,2.153846154,1.39930035,0.392857143,1.181818182,ARCING
0.327901639,3.360248447,5.409459054,0.060998152,4.878787879,ARCING
0.132519248,2.969957082,4.245398773,0.039017341,8.62962963,ARCING
0.133333333,2.881556222,3.686046512,0.041009464,8.462307692,ARCING
0.105368421,3.545454545,3.896103896,0.00025641,1100,ARCING
0.238550459,1.562091503,1.838320129,0.066945607,9.5625,ARCING
0.707008236,1.02808973,1.648642805,0.095627893,10.17148571,ARCING
0.22252625,1.736986301,1.565432099,0.055205047,10.42857143,ARCING
0.201399718,1.454541698,1.222220679,0.055113323,12.4743299,ARCING
0.353058824,0.857428571,1,0.329890037,3.535353535,ARCING
0.337209302,0.833611111,1.034827586,0.366544485,3.272727273,ARCING
0.119748226,5.340683572,5.11277878,0.020024773,9.350515464,ARCING
0.158803222,2.002,1.813405797,0.1998002,2.5,ARCING
0.375539568,0.831210191,1,0.172413793,6.977777778,ARCING
0.119748226,5.340683572,5.11277878,0.020024773,9.350515464,ARCING
0.158803222,2.002,1.813405797,0.1998002,2.5,ARCING
0.375539568,0.831210191,1,0.172413793,6.977777778,ARCING
0.119748226,5.340683572,5.11277878,0.020024773,9.350515464,ARCING
0.158803222,2.002,1.813405797,0.1998002,2.5,ARCING
0.375539568,0.831210191,1,0.172413793,6.977777778,ARCING
0.119748226,5.340683572,5.11277878,0.020024773,9.350515464,ARCING
0.158803222,2.002,1.813405797,0.1998002,2.5,ARCING
0.375539568,0.831210191,1,0.172413793,6.977777778,ARCING
0.000185185,0.0025,1,1,400,Normal
0.004224193,1.983669109,324.7626187,0.027160114,18.56090652,Normal
0.045396825,1.165178571,13.03696304,0.164750958,5.209302326,Normal
0.010987925,2.37254902,36.26373626,0.636363636,0.662337662,Normal
4300,1.08,1.88372093,0.037037037,25,Normal
1.059748428,1.09948542,1.902077151,0.088923557,10.22807018,Normal
1.619047619,1.319148936,1.823529412,0.080645161,9.4,Normal
1.741228235,1.064966276,2.153632448,0.101332996,9.266447368,Normal
0.091263018,1.786162286,12.08498846,0.015933085,35.1381768,Normal
0.000181818,0.0025,1,1,400,Normal
0.114035088,2.37254902,3.490384615,0.641873278,0.656652361,Normal
1.063091483,1.097787307,1.899139466,0.087498633,10.41071429,Normal
1.699150425,1.29787234,1.794117647,0.06557377,11.75,Normal
1.743429287,1.064966276,2.153632448,0.101666328,9.236065574,Normal
0.425925926,0.37037037,0.043478261,0.01,270,Normal
1.741228235,1.064966276,2.153632448,0.101332996,9.266447368,Normal
0.069993001,0.023325558,0.1,0.014285714,3001,Normal
0.091263018,1.786162286,12.08498846,0.015933085,35.1381768,Normal
0.000181818,0.0025,1,90,4.444444444,Normal
0.114035088,2.341935484,3.490384615,0.641873278,0.665236052,Normal
1.063091483,1.102915952,1.908011869,0.087091757,10.41071429,Normal
1.699150425,1.378219611,1.794117647,0.047540984,15.26206897,Normal
1.743429287,1.064607739,2.152907394,0.100036679,9.38968701,Normal
0.407407407,0.37037037,0.045454545,0.01,270,Normal
0.234042553,0.08991009,0.081818182,0.011111111,1001,Normal
0.115257958,2.35483871,3.476190476,0.632876712,0.670995671,Normal
1.056603774,1.097787307,1.904791667,0.089061108,10.22807018,Normal
1.5,1.250208333,1.818484848,0.083319447,9.6,Normal
1.742478219,1.064788533,2.152797704,0.102299234,9.180456026,Normal
0.000185185,0.00125,1,1,800,Normal
0.114160263,2.37254902,3.490384615,0.636363636,0.662337662,Normal
1.059748428,1.09948542,1.902077151,0.087207488,10.4293381,Normal
1.545454545,1.319148936,1.823529412,0.082258065,9.215686275,Normal
0.444506166,0.644444444,0.724818795,0.586206897,2.647058824,Normal
0.114285714,0.177777778,2,0.875,6.428571429,Normal
0.444506166,0.644444444,0.724818795,0.586206897,2.647058824,Normal
0.114285714,0.177777778,2,1,5.625,Normal
1.624593448,0.668421925,0.50597708,0.127164854,11.76473684,Normal
0.444506166,0.644444444,0.724818795,0.586206897,2.647058824,Normal
0.114285714,0.177777778,2,1,5.625,Normal
1.624593448,0.668421925,0.50597708,0.127164854,11.76473684,Normal
0.114285714,0.177777778,2,0.875,6.428571429,Normal
1,0.00019996,0.00049975,9900,0.505151515,Normal
1,0.00019996,0.00049975,9900,0.505151515,Normal
1,0.00019996,0.00049975,9900,0.505151515,Normal
1.764660902,0.517249703,1,0.149995,12.88911111,Normal
1.888839509,0.053944154,1,0.149995588,123.5882353,Normal
1.235294118,0.144827586,1,0.476666667,14.48551449,Normal
1.777691368,0.484864095,1,0.343728517,6.000181818,Normal
1.25125,321,64.13586414,0.014018692,0.222222222,Normal
1.764660902,0.517249703,1,0.149995,12.88911111,Normal
1.888839509,0.053944154,1,0.149995588,123.5882353,Normal
1.235294118,0.144827586,1,0.476666667,14.48551449,Normal
1.777691368,0.484864095,1,0.343728517,6.000181818,Normal
1.25125,321,64.13586414,0.014018692,0.222222222,Normal
1.764660902,0.517249703,1,0.149995,12.88911111,Normal
1.888839509,0.053944154,1,0.149995588,123.5882353,Normal
1.235294118,0.144827586,1,0.476666667,14.48551449,Normal
1.777691368,0.484864095,1,0.343728517,6.000181818,Normal
1.764660902,0.517249703,1,0.149995,12.88911111,Normal
1.888839509,0.053944154,1,0.149995588,123.5882353,Normal
1.235294118,0.144827586,1,0.476666667,14.48551449,Normal
1.777691368,0.484864095,1,0.343728517,6.000181818,Normal
7.333333333,0.806451613,0.075757576,1.4,0.885714286,Normal
0.094674556,1.5628125,1.5628125,0.019996001,32,Normal
0.096030236,0.964452799,3.321393636,0.099618866,10.40824312,Normal
0.320665083,0.384615385,1,0.2,13,Normal
0.282122905,0.583815029,1,0.148514851,11.53333333,Normal
1.027396885,0.576926331,1,0.026679644,64.96801599,Normal
0.09495549,1.59375,1.59375,0.000196078,3200,Normal
0.097633136,1.503067485,1.484848485,0.020408163,32.6,Normal
0.094674556,1.5628125,1.5628125,0.019996001,32,Normal
0.094674556,1.571875,1.571875,0.019880716,32,Normal
0.096030236,0.964452799,3.321393636,0.099618866,10.40824312,Normal
0.320665083,0.384615385,1,0.2,13,Normal
0.282122905,0.583815029,1,0.148514851,11.53333333,Normal
1.027396885,0.578303244,1.002386635,0.026616121,64.96801599,Normal
0.094674556,1.5628125,1.5628125,0.019996001,32,Normal
0.094674556,1.571875,1.571875,0.019880716,32,Normal
0.096030236,0.964452799,3.321393636,0.099618866,10.40824312,Normal
0.320665083,0.384615385,1,0.2,13,Normal
0.282122905,0.583815029,1,0.148514851,11.53333333,Normal
1.027396885,0.578303244,1.002386635,0.026616121,64.96801599,Normal
0.096030236,0.964452799,3.321393636,0.099618866,10.40824312,Normal
0.320665083,0.384615385,1,0.2,13,Normal
0.282122905,0.583815029,1,0.148514851,11.53333333,Normal
1.027396885,0.576926331,1,0.026679644,64.96801599,Normal
0.09495549,1.699433522,1.59375,0.000196078,3001,Normal
0.097633136,1.503067485,1.484848485,0.014285714,46.57142857,Normal
0.094674556,1.5628125,1.5628125,0.027994401,22.85714286,Normal
1.147058824,0.224943764,0.230769231,1,4.445555556,OH
1.181818182,0.199950012,0.205128205,1.25125,3.997002997,OH
1.176764706,0.270540541,0.250187453,0.899100899,4.111111111,OH
1.147058824,0.224943764,0.230769231,1.112222222,3.997002997,OH
1.147058824,0.224943764,0.230769231,1,4.445555556,OH
1.147058824,0.224943764,0.230769231,1.112222222,3.997002997,OH
1.147058824,0.224943764,0.230769231,1,4.445555556,OH
1.181818182,0.181818182,0.205128205,1.25125,4.395604396,OH
1.176764706,0.291891892,0.269932517,0.833333333,4.111111111,OH
1.1875,0.028985507,0.105263158,81,0.425925926,OH
2,0.0025,0.0025,300,1.333333333,OH
1.375,0.005,0.00030303,6500,0.030769231,OH
21.4,0.002,9.35E-05,10600,0.047169811,OH
1.06631123,0.003333333,0.0003125,6300,0.047619048,OH
1.266666667,0.034782609,0.126315789,67.08333333,0.428571429,OH
4,0.0025,0.0025,200,2,OH
1.32,0.2,0.012121212,165,0.03030303,OH
26.75,0.2,0.009345794,105,0.047619048,OH
1.103448276,0.333333333,0.03125,62,0.048387097,OH
1.250625,0.041666667,0.149925037,54,0.444444444,OH
1.5,0.003225806,0.003333333,300,1.033333333,OH
1.333333333,0.014285714,0.0003125,6500,0.010769231,OH
21.6,0.002380952,9.26E-05,10600,0.039622642,OH
1.032989004,0.004761905,0.000322581,6300,0.033333333,OH
1.1875,0.028985507,0.105263158,81,0.425925926,OH
2,0.0025,0.0025,307,1.302931596,OH
1.375,0.003703704,0.00030303,6500,0.041538462,OH
21.4,0.001960784,9.35E-05,10600,0.048113208,OH
1.06631123,0.003333333,0.0003125,6500,0.046153846,OH
2,0.0025,0.0025,200,2,OH
1.375,0.005,0.00030303,6500,0.030769231,OH
21.4,0.002,9.35E-05,10600,0.047169811,OH
1.06631123,0.003333333,0.0003125,6300,0.047619048,OH
1.1875,0.028985507,0.105263158,81,0.425925926,OH
2,0.0025,0.0025,307,1.302931596,OH
1.375,0.003703704,0.00030303,6500,0.041538462,OH
21.4,0.001960784,9.35E-05,10600,0.048113208,OH
1.06631123,0.003333333,0.0003125,6500,0.046153846,OH
2,0.0025,0.0025,200,2,OH
1.375,0.005,0.00030303,6500,0.030769231,OH
21.4,0.002,9.35E-05,10600,0.047169811,OH
1.06631123,0.003333333,0.0003125,6300,0.047619048,OH
1.266666667,0.043478261,0.157894737,53.66666667,0.428571429,OH
4,0.0025,0.0025,500,0.8,OH
1.32,0.210526316,0.012121212,165,0.028787879,OH
26.75,0.333333333,0.009345794,105,0.028571429,OH
1.137931034,0.333333333,0.03030303,62,0.048387097,OH
1.3125,0.041666667,0.142857143,53.66666667,0.447204969,OH
1.333333333,0.014285714,0.0003125,6500,0.010769231,OH
15.42857143,0.071428571,0.002777778,353.3333333,0.039622642,OH
1.032989004,0.003333333,0.000322581,6300,0.047619048,OH
1.1875,0.027101449,0.098421053,86.63101604,0.425925926,OH
3.833333333,0.001428571,0.000434783,400,1.75,OH
2.333333333,0.003333333,0.000714286,300,1,OH
3.585858586,0.000820345,0.001126761,138,8.833333333,OH
7.736532933,4.03E-06,1.62E-05,32600,7.607392638,OH
1.142857143,0.000102041,0.000416667,2300,4.260869565,OH
17.3030303,1.79E-06,2.50E-06,172600,3.235225956,OH
2.076923077,0.011805474,0.016144349,17.47058824,4.848518519,OH
1.670673077,1.15E-05,1.44E-05,7400,11.71621622,OH
5800,0.03649635,0.086206897,2.2,12.45454545,OH
6700,0.031997867,0.071641791,2.5,12.50083333,OH
6.5,0.054054054,0.153846154,22,0.840909091,OH
17.5025,0.00304878,0.007141837,122,2.68852459,OH
12.42982456,4.77E-06,7.06E-06,29600,7.081081081,OH
2.027027027,0.002,0.000133333,12600,0.03968254,OH
5.745762712,0.00255102,0.002949853,42,9.333333333,OH
1.877927368,1.78E-05,3.92E-06,133200,0.421171171,OH
1.818636364,0.166666667,0.024993752,36,0.166666667,OH
2.050841521,0.009198102,0.021487544,13.71807692,7.925168924,OH
7.222222222,0.001428571,0.000153846,700,1,OH
5.4,0.125,0.037037037,4,2,OH
1.25125,0.5,0.0999001,9,0.222222222,OH
1.249984376,0.055261704,0.10499475,4.286190476,4.221864237,OH
2.499812523,0.000166639,5.00E-05,3900,1.538717949,OH
2.857428571,0.000166639,1.00E-04,1900,3.158421053,OH
26.19387755,0.075601375,0.004285158,81.59090909,0.162116992,OH
1.666629632,2.50E-05,3.33E-05,6900,5.797246377,OH
1.318848552,0.070472314,0.091477826,1.521276596,9.327672328,OH
4.007996002,0.000145773,0.000124688,2500,2.744,OH
3.51509434,7.29E-05,0.000178923,2200,6.238636364,OH
50.5021097,0.00049975,8.35E-05,2100,0.952857143,OH
2.005420054,0.009392265,0.011486486,22.35294118,4.763157895,OH
1.208905992,0.08315565,0.177353342,1.794871795,6.7,OH
1.556598089,0.019064748,0.029309296,9.811320755,5.346153846,OH
3.410123555,6.76E-05,5.84E-05,7500,1.973333333,OH
1.307845084,0.009078987,0.013667426,23.33333333,4.72047619,OH
1.745039435,0.055438596,0.075170084,2.151898734,8.382352941,OH
8.908759124,0.00061287,0.006145023,316.6666667,5.152631579,OH
2.164173228,0.13,0.182099327,0.899100899,8.555555556,OH
1.014492754,0.000124984,8.93E-05,3200,2.5003125,OH
4.6,0.001428571,0.000434783,500,1.4,OH
2,0.003333333,0.000714286,400,0.75,OH
3.578629032,0.000410172,0.00056338,275,8.865454545,OH
7.641975309,4.03E-06,1.62E-05,32500,7.6308,OH
1.1994003,0.000102041,0.000416667,2200,4.454545455,OH
17.37750533,1.79E-06,2.50E-06,172500,3.237101449,OH
2.081027668,0.011111034,0.015194682,18.5,4.864898649,OH
1.674698795,1.15E-05,1.44E-05,7500,11.56,OH
5800,0.037956204,0.089655172,1.925,13.68631369,OH
6700,0.033331111,0.074626866,2.2,13.63727273,OH
13,0.027027027,0.076923077,45,0.822222222,OH
14.002,0.008536585,0.019997143,42.86428571,2.732877854,OH
12.32173913,0.00014313,0.000211715,986.6666667,7.081081081,OH
2.083333333,0.002,0.000133333,12500,0.04,OH
5.64905849,0.00255102,0.002949853,41,9.56097561,OH
1.876561352,0.000534759,0.000117463,4443.333333,0.420855214,OH
1.905238095,0.001666667,0.000249938,3500,0.171428571,OH
2.049695088,0.009080178,0.021212063,13.89623377,7.925168924,OH
8.125,0.001428571,0.000153846,800,0.875,OH
3.666666667,0.001111111,0.000454545,400,2.25,OH
2.5,0.003333333,0.000666667,300,1,OH
3.583838384,0.000821018,0.001127396,138,8.826086957,OH
7.749156355,4.03E-06,1.61E-05,32600,7.607392638,OH
1.095238095,0.00010101,0.000434783,2300,4.304347826,OH
17.2987013,1.79E-06,2.50E-06,172600,3.23626883,OH
2.078895464,0.010380623,0.014231499,19.8,4.865319865,OH
1.673076923,1.46E-05,1.44E-05,7400,9.283783784,OH
6001,0.029069767,0.066655557,2.75,12.50909091,OH
6600,0.039997334,0.090909091,2,12.50083333,OH
6,0.028089888,0.083333333,44,0.809090909,OH
17.25,0.012077295,0.028985507,30.5,2.714754098,OH
12.42105263,0.000476417,0.000706215,296,7.091216216,OH
2.054054054,0.002,0.000131579,12600,0.03968254,OH
5.762881356,2.56E-05,2.94E-05,4200,9.3,OH
1.878662657,0.001782531,0.000391389,1332,0.421171171,OH
1.772727273,0.5,0.076923077,12,0.166666667,OH
2.05140084,0.009078904,0.021206279,13.89623377,7.926281063,OH
7.333333333,0.001612903,0.000151515,700,0.885714286,OH
3.833333333,0.001408451,0.000434783,400,1.775,OH
2.333333333,0.002941176,0.000714286,300,1.133333333,OH
3.585858586,0.000803536,0.001126761,138,9.018115942,OH
7.736532933,4.02E-06,1.62E-05,32600,7.622392638,OH
1.142857143,0.00010101,0.000416667,2300,4.304347826,OH
17.3030303,1.79E-06,2.50E-06,172600,3.235979143,OH
2.076923077,0.011789182,0.016144349,17.47058824,4.855218855,OH
1.670673077,1.15E-05,1.44E-05,7400,11.72162162,OH
5800,0.03649635,0.086206897,2.2,12.45454545,OH
6700,0.031997867,0.071641791,2.5,12.50083333,OH
6.5,0.054054054,0.153846154,22,0.840909091,OH
17.5025,0.00304878,0.007141837,122,2.68852459,OH
12.42982456,4.77E-06,7.06E-06,29600,7.081081081,OH
2.027027027,0.002,0.000133333,12800,0.0390625,OH
5.745762712,0.00255102,0.002949853,43,9.11627907,OH
1.877927368,1.78E-05,3.92E-06,133200,0.422672673,OH
1.818636364,0.142857143,0.024993752,36,0.194444444,OH
2.050841521,0.009198102,0.021487544,13.71807692,7.925168924,OH
7.222222222,0.00125,0.000153846,700,1.142857143,OH
5.4,0.2375,0.07037037,2.105263158,2,OH
12.42982456,4.29E-05,6.35E-05,3288.888889,7.081081081,OH
2.027027027,0.002,0.000133333,12700,0.039370079,OH
5.745762712,0.00255102,0.002949853,42.8,9.158878505,OH
1.877927368,1.78E-05,3.92E-06,133200,0.421171171,OH
1.818636364,0.166666667,0.024993752,36,0.166666667,OH
2.050841521,0.009198102,0.021487544,13.71807692,7.925168924,OH
7.222222222,0.001428571,0.000153846,700,1,OH
5.4,0.125,0.037037037,5,1.6,OH
1.25125,0.495049505,0.0999001,9,0.224444444,OH
1.249984376,0.055261704,0.10499475,4.319047619,4.189746417,OH
2.499812523,0.000163666,5.00E-05,3900,1.566666667,OH
2.857428571,0.00149975,0.00089991,211.1111111,3.158421053,OH
26.19387755,0.075601375,0.004285158,81.59090909,0.162116992,OH
1.666629632,2.50E-05,3.33E-05,6900,5.797246377,OH
1.318848552,0.070472314,0.091477826,1.521276596,9.327672328,OH
4.007996002,0.000145773,0.000124688,2480,2.766129032,OH
3.51509434,7.29E-05,0.000178923,2200,6.238636364,OH
50.71729958,0.000454545,8.32E-05,2100,1.047619048,OH
2.005420054,0.009392265,0.011486486,22.35294118,4.763157895,OH
1.208905992,0.08315565,0.177353342,1.794871795,6.7,OH
1.556598089,0.019064748,0.029309296,9.811320755,5.346153846,OH
3.410123555,6.76E-05,5.84E-05,7800,1.897435897,OH
1.307845084,0.0089991,0.013667426,23.33333333,4.762380952,OH
1.745039435,0.055438596,0.075170084,2.151898734,8.382352941,OH
8.908759124,0.00061287,0.006145023,316.6666667,5.152631579,OH
2.164173228,0.13,0.182099327,0.899100899,8.555555556,OH
1.014492754,0.000124984,8.93E-05,3200,2.5003125,OH
4.6,0.071428571,0.02173913,10,1.4,OH
7.279991727,1.05E-07,1.56E-07,7212800,1.326114824,OH
2.714151857,0.005755354,0.002320859,65.00125,2.673044749,OH
2.301165786,0.004721023,0.004193133,45.45484848,4.6599756,OH
1.565063348,0.042373422,0.071429456,1.879988267,12.55310955,OH
3.330919623,0.031491539,0.059006211,5.245614035,6.053545151,OH
4.1999872,0.000444444,0.000571428,798.335,2.818367811,OH
12.70854167,0.000999001,1.64E-05,2900,0.345172414,OH
2.349966251,0.029267936,0.025531643,8.750416667,3.904623589,OH
498.335,0.002569412,0.022407952,447.6120896,0.86948954,OH
1.5,0.0025,0.000555556,400,1,OH
17.3030303,1.79E-06,2.50E-06,172600,3.235979143,OH
2.076923077,0.011789182,0.016144349,17.47058824,4.855218855,OH
1.670673077,1.15E-05,1.44E-05,7400,11.72162162,OH
5800,0.03649635,0.086206897,2.2,12.45454545,OH
6700,0.031997867,0.071641791,2.5,12.50083333,OH
6.5,0.054054054,0.153846154,22,0.840909091,OH
17.5025,0.00304878,0.007141837,122,2.68852459,OH
12.42982456,4.77E-06,7.06E-06,29600,7.081081081,OH
2.027027027,0.002,0.000133333,12800,0.0390625,OH
5.745762712,0.00255102,0.002949853,43,9.11627907,OH
1.877927368,1.78E-05,3.92E-06,133200,0.422672673,OH
1.818636364,0.142857143,0.024993752,36,0.194444444,OH
2.050841521,0.009198102,0.021487544,13.71807692,7.925168924,OH
7.222222222,0.00125,0.000153846,700,1.142857143,OH
5.4,0.2375,0.07037037,2.105263158,2,OH
12.42982456,4.29E-05,6.35E-05,3288.888889,7.081081081,OH
1.03125,6.10E-05,0.00010101,4500,3.644444444,OH
8.125,0.001666667,0.000153846,800,0.75,OH
4,0.001111111,0.000416667,400,2.25,OH
2.15,0.01,0.000775194,300,0.333333333,OH
3.583838384,0.000821018,0.001127396,138,8.826086957,OH
7.561097561,8.06E-06,3.23E-05,16300,7.607392638,OH
1.095238095,0.00010101,0.000434783,2100,4.714285714,OH
17.2987013,1.79E-06,2.50E-06,172600,3.236964079,OH
2.078895464,0.011072664,0.015180266,18.625,4.848993289,OH
1.673076923,1.46E-05,1.44E-05,7433,9.242566931,OH
6001,0.035610465,0.081653058,2.244897959,12.50909091,OH
73.33333333,0.039997334,0.090909091,2,12.50083333,OH
6,0.027777778,0.083333333,43,0.837209302,OH
17.25,0.012077295,0.028985507,30.005,2.759540077,OH
12.42105263,0.000478467,0.000706215,296,7.060844595,OH
2.108108108,0.002,0.000128205,12600,0.03968254,OH
5.762881356,2.56E-05,2.94E-05,4200,9.3,OH
1.878662657,0.001529052,0.000391389,1332,0.490990991,OH
1.772727273,0.428571429,0.076923077,12,0.194444444,OH
2.05140084,0.009076977,0.021206279,13.89623377,7.92796329,OH
1.050583658,0.002040816,0.00037037,2300,0.213043478,OH
5.75,0.001111111,0.000434783,400,2.25,OH
2.333333333,0.088235294,0.021428571,16,0.708333333,OH
3.585858586,0.000803536,0.001126761,138.5,8.985559567,OH
7.736532933,4.02E-06,1.62E-05,32600,7.638067485,OH
1.142857143,1.00E-04,0.000416667,2300,4.34826087,OH
17.3030303,1.79E-06,2.50E-06,172500,3.237855072,OH
2.076923077,0.013106796,0.017948718,15.71428571,4.855218855,OH
1.670673077,0.000576435,0.000719424,148,11.72162162,OH
5800,0.03649635,0.086206897,2.4,11.41666667,OH
335,0.031997867,0.071641791,2.5,12.50083333,OH
6.5,0.054054054,0.153846154,22,0.840909091,OH
17.5025,0.012195122,0.028567348,30.3,2.706270627,OH
12.42982456,4.77E-06,7.06E-06,30001,6.986433786,OH
2.027027027,0.001694915,0.000133333,12800,0.04609375,OH
5.745762712,0.003571429,0.004129794,31.42857143,8.909090909,OH
2.499850015,3.70E-05,4.00E-05,7600,3.552763158,OH
2.499850015,3.70E-05,4.00E-05,7600,3.552763158,OH
2.499850015,3.70E-05,4.00E-05,7600,3.552763158,OH
1.306163265,0.0999001,0.003124902,181,0.055303867,OH
1.306163265,0.13986014,0.004374863,129.2857143,0.055303867,OH
1.306163265,0.13986014,0.004374863,129.2857143,0.055303867,OH
0.255319149,0.00125,0.000833333,1,800,PD
0.069993001,0.000333222,0.001428571,1,3001,PD
0.923077515,0.540552958,0.166673611,3.154842258,0.586386688,PD
0.260869565,0.00125,0.000833333,200,4,PD
0.255319149,0.001111111,0.000833333,1,900,PD
0.923077515,0.542958298,0.167415272,3.145843703,0.585458861,PD
0.255319149,0.001111111,0.000833333,1,900,PD
0.923077515,0.542958298,0.167415272,3.145843703,0.585458861,PD
0.217608696,0.00125,0.000999001,200,4,PD
0.25,0.001111111,0.000833333,1,900,PD
0.331229298,0.001666667,0.000188679,2800,0.214285714,PD
0.77,0.000769231,0.000999001,1400,0.928571429,PD
0.972222222,0.0025,0.000285714,5800,0.068965517,PD
0.333377775,0.002,0.00019996,2700,0.185185185,PD
0.329192547,0.001666667,0.000188679,2700,0.222222222,PD
0.834166667,0.000769231,0.000999001,1500,0.866666667,PD
0.945945946,0.0025,0.000285714,5700,0.070175439,PD
0.324979689,0.001265823,0.000192308,2800,0.282142857,PD
0.846153846,0.084033613,0.090909091,14,0.85,PD
0.944444444,0.001666667,0.000294118,5800,0.103448276,PD
0.331229298,0.001666667,0.000188679,2800,0.214285714,PD
0.77,0.000769231,0.000999001,1506,0.863213811,PD
0.972222222,0.002444988,0.000285714,5800,0.070517241,PD
0.77,0.005384615,0.006993007,200,0.928571429,PD
0.972222222,0.003333333,0.000285714,5800,0.051724138,PD
0.333377775,0.002,0.00019996,2700,0.185185185,PD
0.945945946,0.003333333,0.000285714,5700,0.052631579,PD
0.331229298,0.001666667,0.000188679,2800,0.214285714,PD
0.77,0.000769231,0.000999001,1506,0.863213811,PD
0.972222222,0.002444988,0.000285714,5800,0.070517241,PD
0.77,0.005384615,0.006993007,200,0.928571429,PD
0.972222222,0.003333333,0.000285714,5800,0.051724138,PD
0.333377775,0.002,0.00019996,2700,0.185185185,PD
0.329192547,0.0025,0.000188679,2400,0.166666667,PD
0.834166667,0.000769231,0.000999001,1700,0.764705882,PD
0.312542966,0.001111111,0.00019996,2800,0.321428571,PD
0.5,0.003333333,0.01,700,0.428571429,PD
0.846153846,0.076923077,0.090909091,14,0.928571429,PD
0.944444444,0.001666667,0.000294118,6001,0.099983336,PD
0.31547619,0.001666667,0.000188679,2800,0.214285714,PD
0.975,0.05,0.051282051,15.35,1.302931596,PD
0.991776316,0.179991,0.059701493,5.555833333,1,PD
0.979381443,6.10E-05,0.000105263,4400,3.727272727,PD
0.928571429,0.003333333,0.000384615,2300,0.130434783,PD
0.296875,0.000121951,0.000526316,1100,7.454545455,PD
0.250187453,0.000142837,0.000999001,1600,4.375625,PD
0.333444426,7.69E-05,0.00049975,600,21.66833333,PD
0.884965831,0.001631321,0.002574003,66.7,9.190404798,PD
0.993410214,0.179991,0.059701493,5.583333333,0.995074627,PD
0.989583333,6.10E-05,0.000105263,4500,3.644444444,PD
0.962962963,0.003333333,0.000384615,2200,0.136363636,PD
0.292307692,0.012195122,0.052631579,5,16.4,PD
0.993421053,0.174825175,0.05794702,5.714571429,1.000949953,PD
0.989690722,6.10E-05,0.000104167,4400,3.727272727,PD
0.964285714,0.002040816,0.00037037,2300,0.213043478,PD
0.31265625,0.00011274,0.00049975,1100,8.063636364,PD
0.991776316,0.179991,0.059701493,5.555833333,1,PD
0.979381443,6.10E-05,0.000105263,4600,3.565217391,PD
0.928571429,0.002702703,0.000384615,2300,0.160869565,PD
0.296875,0.000120482,0.000526316,1100,7.545454545,PD
0.979381443,6.10E-05,0.000105263,4400,3.727272727,PD
0.928571429,0.003333333,0.000384615,2300,0.130434783,PD
0.296875,0.000121951,0.000526316,1100,7.454545455,PD
0.250187453,0.000140449,0.000999001,1600,4.45,PD
0.333444426,0.006153373,0.03998001,7.5,21.66833333,PD
0.884965831,0.002718869,0.004290004,40.02,9.190404798,PD
0.909242424,0.128571429,0.0149975,2.222222222,3.5,PD
0.991776316,0.179991,0.059701493,5.555833333,1,PD
0.979381443,6.10E-05,0.000105263,4600,3.565217391,PD
0.928571429,0.002702703,0.000384615,2300,0.160869565,PD
0.296875,0.000120482,0.000526316,1100,7.545454545,PD
0.979381443,6.10E-05,0.000105263,4400,3.727272727,PD
0.928571429,0.003333333,0.000384615,2300,0.130434783,PD
0.296875,0.000121951,0.000526316,1100,7.454545455,PD
0.250187453,0.000140449,0.000999001,1600,4.45,PD
0.333444426,0.006153373,0.03998001,7.5,21.66833333,PD
0.884965831,0.002718869,0.004290004,40.02,9.190404798,PD
0.333444426,7.69E-05,0.00049975,600,21.66833333,PD
0.884965831,0.001631321,0.002574003,66.7,9.190404798,PD
0.993410214,0.179991,0.059701493,5.555833333,1,PD
0.962962963,0.005,0.000384615,2200,0.090909091,PD
0.292307692,0.024390244,0.105263158,2.5,16.4,PD
0.993421053,0.174825175,0.05794702,5.857142857,0.976585366,PD
0.989690722,6.10E-05,0.000104167,4390,3.735763098,PD
0.31265625,0.011273957,0.049975012,11,8.063636364,PD
0.991776316,0.179991,0.059701493,5.638888889,0.985270936,PD
0.106837607,0.079207921,0.032,202.5,0.062345679,PD
0.106382979,0.0999001,0.04,165,0.060666667,PD
0.102222222,0.054054054,0.017391304,287.5,0.064347826,PD
0.10460251,0.069724771,0.0304,196.0526316,0.073154362,PD
0.104343289,0.08991009,0.0375,145.5555556,0.076412214,PD
0.081814463,0.1,0.027777778,282,0.035460993,PD
0.107296137,0.198019802,0.08,80.005,0.063121055,PD
0.105932203,0.11988012,0.048,138.3333333,0.060301205,PD
0.102678571,0.001351351,0.000434783,11400,0.064912281,PD
0.104162327,0.091743119,0.04,150.01,0.072661823,PD
0.106382979,0.090909091,0.032,206.25,0.053333333,PD
0.102222222,0.054054054,0.017391304,284.75,0.064969271,PD
0.10460251,0.090909091,0.04,149,0.073825503,PD
